id,first_name,random_number
1,Karry,824887082-0
2,Rodrick,339671268-4
3,Merrel,105086546-4
4,Kris,162469763-1
5,Fulton,538737318-1
6,Colby,580301529-6
7,Olenolin,313188706-0
8,Tito,346349213-X
9,Ford,090984942-0
10,Merlina,624945743-7
11,Madella,471002809-5
12,Madison,168412368-2
13,Morris,464361163-4
14,Sallyann,702698595-7
15,Molly,312508304-4
16,Kalvin,949797533-3
17,Phineas,629107630-6
18,Avram,091591271-6
19,Janel,586842087-X
20,Hildagard,491050677-2
21,Margret,274451610-4
22,Beverley,025173760-8
23,Sigmund,301237744-1
24,Rodi,766059625-X
25,Nanette,182961575-0
26,Carmella,506603617-2
27,Powell,196628316-4
28,Lyndsey,798261329-2
29,Bone,247656588-1
30,Lowell,188844498-3
31,Maryellen,754567039-6
32,Prissie,015521163-3
33,Zara,909283322-3
34,Virgie,878780852-8
35,Debbie,444916589-6
36,Staffard,567852936-6
37,Margareta,567081360-X
38,Field,212738575-6
39,Marietta,283220213-6
40,Hunt,543598786-5
41,Channa,056139486-5
42,Rustie,338240374-9
43,Megan,239154425-1
44,Jana,296776590-2
45,Shermie,588734339-7
46,Curtis,612681515-7
47,Cortie,943614461-X
48,Even,701847039-0
49,Laird,260281209-9
50,Ferrell,824444726-5
51,Neely,439228553-7
52,Letitia,363365944-7
53,Deane,118705729-0
54,Cathyleen,210309656-8
55,Jimmy,942033215-2
56,Denys,540627693-X
57,Arri,846413387-1
58,Tedd,899240746-7
59,Arlan,474475224-1
60,Rabbi,507495282-4
61,Constantine,004214710-7
62,Gaye,940329468-X
63,Sidonnie,573229815-0
64,Gloria,208668281-6
65,Rachelle,535150386-7
66,Kendricks,975383582-5
67,Roscoe,203260827-8
68,Irene,877498015-7
69,Lynnelle,860757900-2
70,Dotti,081830390-5
71,Minta,759200856-4
72,Kari,204893174-X
73,Wilburt,896845537-6
74,Minor,606711134-9
75,Darnell,053829198-2
76,Leah,475048662-0
77,Meredeth,758360809-0
78,Miquela,136100626-9
79,Josephine,165226506-6
80,Marna,548941384-0
81,Margot,675848392-4
82,Anthony,831044895-3
83,Kerby,490419190-0
84,Craggy,501224971-2
85,Phillida,430024954-7
86,Olympie,677295847-0
87,Bertram,262274394-7
88,Teressa,326918883-8
89,Lisha,108068316-X
90,Jacinta,538703115-9
91,Cassi,181663531-6
92,Ram,351875734-2
93,Lily,563771334-0
94,Marigold,343404553-8
95,Merry,521310149-6
96,Ilise,835912640-2
97,Robinett,465647624-2
98,Ingamar,060077353-1
99,Ciro,590087405-2
100,Uriah,614183730-1
